Artist,Title,Difficulty,Link,Mod,Length,Star,Song No.
BRIGHT,1 Year 2 Months 20 Days,Athena,https://osu.ppy.sh/b/204428,Double Time,4:28 (2:58),3.77(5.27),0
Avicii,Addicted To You,Insane,https://osu.ppy.sh/b/445437,Double Time,2:20 (1:33),3.63 (4.96),1
Blue Stahli,Atom Smasher,Advanced,https://osu.ppy.sh/b/239259,Double Time,2:09 (1:26),3.7 (5.16),2
ClariS,Click,Insane,https://osu.ppy.sh/b/361011,Double Time,4:21 (2:54),3.7 (5.03),3
Duca,Clover (Short Ver.),Insane,https://osu.ppy.sh/b/118751,Double Time,1:34 (1:02),3.57 (4.95),4
Halcyonic Falcon X,Crystalis Fantasia,Insane,https://osu.ppy.sh/b/344789?m=0,Double Time,2:21 (1:34),3.86 (5.32),5
Lindsey Stirling,Crystalize,Black Snow,https://osu.ppy.sh/b/145157,Double Time,3:56 (2:37),3.56 (4.95),6
Yasuo-P,Electric Angel,Collab,https://osu.ppy.sh/b/167535,Double Time,1:34 (1:02),3.62 (5.02),7
Zedd,Find You,Reclaimed,https://osu.ppy.sh/b/404940,Double Time,3:15 (2:10),3.59 (4.88),8
FELT,Flower Flag,happy30,https://osu.ppy.sh/b/113679,Double Time,4:19 (2:52),3.85 (5.2),9
Tsuji Ayano,Kaze ni Naru,Insane,https://osu.ppy.sh/b/413446&m=0,Double Time,2.44 (1:49),3.56 (4.91),10
Marika,Knowing,cRyo's Insane,https://osu.ppy.sh/b/162237,Double Time,2:59 (1:59),3.55 (4.92),11
KOTOKO,Namida No Chikai,D.N.Angel,https://osu.ppy.sh/b/142375,Double Time,3:49 (2:32),3.58 (4.95),12
Shano x 40mp,Natuskoi Hanabi,Insane,https://osu.ppy.sh/b/274085,Double Time,4:36 (3:04),3.91 (5.35),13
KOKIA,Ningen tte Sonna Mono Ne,Humanity,https://osu.ppy.sh/b/200829,Double Time,4:54 (3:16),3.68 (5.07),14
Yiruma & Skulee,River Flows In You (Love Note),Love Note,https://osu.ppy.sh/b/199049,Double Time,2:20 (1:33),3.5 (4.92),15
September,Satellites,Insane,https://osu.ppy.sh/b/369921,Double Time,3:08 (2:05),3.93 (5.18),16
Crayon Pop,Saturday Night,Hard,https://osu.ppy.sh/b/291562,Double Time,3:03 (2:02),3.56 (4.93),17
Darren Korb,Setting Sail Coming Home,Insane,https://osu.ppy.sh/b/283593,Double Time,2:40 (1:46),3.6 (4.98),18
FELT,Sky Gate,Lunatic,https://osu.ppy.sh/b/327256&m=0,Double Time,4:40 (3:06),3.70 (5.04),19
cYsmix feat. Emmy,Tear Rain,Insane,https://osu.ppy.sh/b/351189,Double Time,3:59 (2:39),3.61 (5.01),20
Hanatan,Torinoko City,Insane,https://osu.ppy.sh/b/558277,Double Time,3:20 (2:13),3.82 (5.32),21
yanaginagi,Vidro Moyou,Insane,https://osu.ppy.sh/b/308908&m=0,Double Time,4:34 (3:02),3.72 (5.12),22
Kawada Mami,Wings of Courage -Sore o Koete-,wkyik's Insane,https://osu.ppy.sh/b/654387,Double Time,2:14 (1:29),3.64 (5.01),23
Tritonal,Anchor (Noisestorm Remix),Asphyxia's Insane,https://osu.ppy.sh/b/660622,Hard Rock,1:50,4.83 (5.14),0
Knife Party,Bonfire,Rage,https://osu.ppy.sh/b/281918,Hard Rock,2:23,4.64 (4.93),1
LeaF,Calamity Fortune,SCV's Lunatic,https://osu.ppy.sh/b/261725,Hard Rock,2:10,4.84 (5.02),2
sakuzyo,ChaiN De/structioN,Loneliness,https://osu.ppy.sh/b/154165,Hard Rock,3:15,4.73 (4.87),3
Dirty Androids,City Never Sleeps,Special,https://osu.ppy.sh/b/542996,Hard Rock,1:38,4.84 (5.04),4
The Frim,City Streets,Asphyxia's Insane,https://osu.ppy.sh/b/465524,Hard Rock,1:47,4.72 (5.02),5
TATSH,HEAVENLY MOON,Extreme,https://osu.ppy.sh/b/150621,Hard Rock,1:53,4.73 (4.9),6
LiSA,Jet Rocket,RUN!!!,https://osu.ppy.sh/b/360736,Hard Rock,4:21,4.82 (5.12),7
ALiCE'S EMOTION,LUNA,Lunatic,https://osu.ppy.sh/b/152180,Hard Rock,3:30,4.74 (5.03),8
BMS(LeaF),MEPHISTO,Another,https://osu.ppy.sh/b/282166,Hard Rock,1:59,4.79 (4.96),9
Amatsuki & Midori Inu.,Mono Crossroad,Insane,https://osu.ppy.sh/b/487759,Hard Rock,3:35,4.64 (4.95),10
U2 Akiyama,Mystic Oriental Love Consultation,Lunatic,https://osu.ppy.sh/b/116169,Hard Rock,2:25,4.79 (4.95),11
Supercell,ODDS&ENDS,Insane,https://osu.ppy.sh/b/183357,Hard Rock,5:27,4.76 (5.02),12
Baru,ResoAlive,Extra,https://osu.ppy.sh/b/301690,Hard Rock,3:58,4.8 (5),13
RedMuffleR,Rubeus,Fort's EXHAUST,https://osu.ppy.sh/b/635493&m=0,Hard Rock,1:48,4.75 (4.84),14
Tama,Saigetsu (Midnight Moon Walker Remix),Lunatic,https://osu.ppy.sh/b/172360,Hard Rock,3:37,4.62 (5.02),15
Bokura wa Piacere!,Sekai de Hitotsu no Takaramono,Insane,https://osu.ppy.sh/b/159316,Hard Rock,2:30,4.62 (4.93),16
RURUTIA,Shin'ai,AI's Extra,https://osu.ppy.sh/b/396009,Hard Rock,3:07,4.86 (5.18),17
Eguchi Takahiro,Silver Temple,Insane,https://osu.ppy.sh/b/392786,Hard Rock,2:08,4.64 (4.95),18
yuikonnu & ayaponzu*,Super Nuko World,Insane,https://osu.ppy.sh/b/476149,Hard Rock,3:38,4.84 (5.12),19
MuryokuP,Sweet Cendrillon Drug,Cendrillon,https://osu.ppy.sh/b/207846,Hard Rock,3:57,4.72 (5),20
capitaro,Tenshinraman High Collar Hime,Insane,https://osu.ppy.sh/b/169387,Hard Rock,2:53,4.78 (5.07),21
wowaka,World's End Dancehall (Rocketman Remix),Insane,https://osu.ppy.sh/b/294387,Hard Rock,4:19,4.81 (5.12),22
Choucho,Yasashisa No Riyuu,Insane,https://osu.ppy.sh/b/188819,Hard Rock,4:09,4.55 (4.84),23
nano,A Genesis,Rakuen's Extra,https://osu.ppy.sh/b/497467,Hidden,3:25,5.05,0
Mind Vortex,Arc,Nsane,https://osu.ppy.sh/b/239037,Hidden,2:33,5.18,1
An,artcore JINJA,Lunatic,https://osu.ppy.sh/b/297411,Hidden,2:12,5.01,2
Renard,Blue Night,DoKo,https://osu.ppy.sh/b/116006,Hidden,3:37,5.08,3
Zedd,Clarity feat. Foxes (IOSYS uno DENPA Remix),Insane,https://osu.ppy.sh/b/236344,Hidden,3:32,5.02,4
ONE OK ROCK,Clock Strikes,Insane,https://osu.ppy.sh/b/633373,Hidden,3:29,5.02,5
Lifetheory,Daisy,Blossom,https://osu.ppy.sh/b/304602,Hidden,1:49,4.92,6
Gavin G,Desire,Aspiration,https://osu.ppy.sh/b/559809&m=0,Hidden,2:25,4.97,7
nao,Dimensional Tripper!!!!,wkyik's Insane,https://osu.ppy.sh/b/334843&m=0,Hidden,4:10,5.1,8
Masayoshi Minoshima,Flight of the Bamboo Cutter,Lunatic,https://osu.ppy.sh/b/148000,Hidden,3:23,5.16,9
DJ Fresh,Gold Dust,Insane,https://osu.ppy.sh/b/93842,Hidden,3:01,4.93,10
Rise Against,Injection,oko's Insane,https://osu.ppy.sh/b/560651,Hidden,2:21,5.08,11
senya,Kanjou Chemistry (Drum 'n' Bass Remix),Exw,https://osu.ppy.sh/b/255700,Hidden,4:39,5.15,12
Hanatan,Kimi No Kiseki,S.S,https://osu.ppy.sh/b/165883,Hidden,2:22,5.15,13
paraoka,Manima ni (Short ver),108,https://osu.ppy.sh/b/131362,Hidden,2:30,4.98,14
Traktion,Mission ASCII,Another,https://osu.ppy.sh/b/162405,Hidden,3:18,5.02,15
Toyosaki Aki,MORE&MORE,Insane,https://osu.ppy.sh/b/318975,Hidden,3:38,5.06,16
Sota Fujimori,Move That Body (Extended Mix),RLC's Insane,https://osu.ppy.sh/b/547229,Hidden,4:00,4.92,17
Perfume,MY COLOR,Extra,https://osu.ppy.sh/b/315660,Hidden,4:52,5,18
Tristam ,Once Again,Collab,https://osu.ppy.sh/b/502418,Hidden,3:31,4.98,19
ayaponzu*,Otsukimi Recital,Insane,https://osu.ppy.sh/b/416213,Hidden,3:34,5.11,20
Jeff William's,Red Like Roses,Ruby,https://osu.ppy.sh/b/244781,Hidden,3:07,5.11,21
DJ YOSHITAKA,VALLIS-NERIA,Extreme,https://osu.ppy.sh/b/186061,Hidden,2:05,5.17,22
Yousei Teikoku,Wahreit,Saten,https://osu.ppy.sh/b/164183,Hidden,4:29,5.18,23
Reol,Asymmetry,P A N's Extra,https://osu.ppy.sh/b/661705&m=0,None,4:10,5.49,0
Memme,BSPower Explosion,108,https://osu.ppy.sh/b/140937,None,2:17,5.3,1
MARiA,Buriki No Dance,AriExtra,https://osu.ppy.sh/s/201482,None,3:05,5.44,2
Wotamin,Chikyuu No Saigo Kokuhaku,Love,https://osu.ppy.sh/b/242093,None,4:20,5.34,3
ClariS,Colorful (tamane's apostate remix),Insane,https://osu.ppy.sh/b/470732,None,5:20,5.38,4
LiSA,EGOiSTiC SHOOTER,Kyshiro's Extra,https://osu.ppy.sh/s/253313,None,2:51,5.3,5
Cres,End Time,Extra,https://osu.ppy.sh/b/432839,None,2:08,5.37,6
Mitsunori Ikeda,Fallen Angel (El Poco Maro Remix),Ascension,https://osu.ppy.sh/b/403050,None,5:49,5.03,7
BiBi,Fuyu Ga Kureta Yokan,Expert,https://osu.ppy.sh/b/599487&m=0,None,2:15,5.28,8
Supercell,Hoshi Ga Matataku Konna Yoru Ni,Starlight,https://osu.ppy.sh/s/294042,None,4:24,5:27,9
ZUN,Kobito of the Shining Needle~Little Princess,Extra,https://osu.ppy.sh/b/306018,None,3:40,5.2,10
Sana,Kokuhaku Yokou Renshuu,Expert,https://osu.ppy.sh/b/679226&m=0,None,2:37,5.13,11
Dark PHOENiX,Last Remote-type gamma,Insane,https://osu.ppy.sh/b/236344,None,3:53,5.24,12
Lon,MATRYOSHKA,Extra,https://osu.ppy.sh/b/285086,None,3:30,5.31,13
Tamura Yukari,MERRY MERRY MENU...NE,Extra,https://osu.ppy.sh/b/509913,None,3:19,5.31,14
rerulili,Noushou Sakuretsu Girl,Rin,http://osu.ppy.sh/b/16240,None,2.54,5.16,15
UPLIFT SPICE,Omega Rhythm,Extra,https://osu.ppy.sh/b/366140,None,2:47,5.47,16
t+pazolite,Pumpin' Junkies,DUGEM,https://osu.ppy.sh/b/462678,None,4:08,5.45,17
nano.RIPE,Real World,Insane,https://osu.ppy.sh/b/177735,None,3:22,5.21,18
Blue Stahli,Shotgun Senorita (Zardonic Remix),Insane,https://osu.ppy.sh/s/65853,None,2:11,5.33,19
Fear and Loathing in Las Vegas,Swing it!!,Extra,https://osu.ppy.sh/b/492543,None,3:37,5.33,20
Indivision & Livewire(feat. Tasha Baxter),Won't You Stay,Forever And a Day,https://osu.ppy.sh/b/692389,None,5:07,5.37,21
BMS(Junk),Yellow Smile(bms edit),Extra,https://osu.ppy.sh/b/537989,None,1:55,5.2,22
Himeringo,Yotsuya-San ni Yoroshiku,Insane,https://osu.ppy.sh/b/351993&m=0,None,2:51,5.15,23
xi,Happy End of the World,Happy End,https://osu.ppy.sh/s/129676,Tiebreaker,6:17,5.45,0
Halozy,Kanshou No Matenrou,Eternal,https://osu.ppy.sh/s/179699,Tiebreaker,5:26,5.67,1
Functional Phantom,Neuronecia,Ethereal,https://osu.ppy.sh/b/541990?m=0,Tiebreaker,3:26,5.28,2
Renard,Smoke Tower,Trauma,https://osu.ppy.sh/b/339640,Tiebreaker,3:49,5.55,3
supercell,The Bravery,Depravity,https://osu.ppy.sh/b/631413,Tiebreaker,5:48,5.54,4
Infected Mushroom,The Pretender,Pretender,https://osu.ppy.sh/s/79498,Tiebreaker,6:25,5.49,5
TRakker,Trail of Dust,Trail of Star,https://osu.ppy.sh/s/207045,Tiebreaker,6:30,5.67,6
Our Stolen Theory,United (L.A.O.S Remix),Infinity,https://osu.ppy.sh/b/550235?m=0,Tiebreaker,5:25,5.64,7
,,,,,,,
